{
  "missing_required": [],
  "missing_warn": [
    "set",
    "game",
    "lado",
    "inicio_golpe_x",
    "inicio_golpe_y"
  ],
  "null_frac": {
    "row_name": 0.0,
    "clip_start": 0.0,
    "clip_end": 0.0,
    "set_num": 0.9993506493506493,
    "set_num:_time": 0.9993506493506493,
    "set_p1": 0.0,
    "set_p1:_time": 0.9987012987012988,
    "set_p2": 0.0,
    "set_p2:_time": 0.9987012987012988,
    "servicio": 0.7227272727272728,
    "servicio:_time": 0.7227272727272728,
    "jugador": 0.0,
    "jugador:_time": 0.0,
    "pareja": 0.0,
    "pareja:_time": 0.0,
    "cara_pala": 0.09610389610389611,
    "cara_pala:_time": 0.09610389610389611,
    "pared": 0.6805194805194805,
    "pared:_time": 0.6805194805194805,
    "punto_lost": 0.8662337662337662,
    "punto_lost:_time": 0.8662337662337662,
    "winner": 0.8818181818181818,
    "winner:_time": 0.8818181818181818,
    "punto_win": 0.8564935064935065,
    "punto_win:_time": 0.8564935064935065,
    "break_point": 0.9902597402597403,
    "break_point:_time": 0.9902597402597403,
    "error": 0.9266233766233766,
    "error:_time": 0.9266233766233766,
    "juego_win": 0.9844155844155844,
    "juego_win:_time": 0.9844155844155844,
    "juego_lost": 0.9844155844155844,
    "juego_lost:_time": 0.9844155844155844,
    "break_fav": 0.9974025974025974,
    "break_fav:_time": 0.9974025974025974,
    "fuerza_error": 0.9753246753246754,
    "fuerza_error:_time": 0.9753246753246754,
    "set_point": 0.9961038961038962,
    "set_point:_time": 0.9961038961038962,
    "set_lost": 0.9987012987012988,
    "set_lost:_time": 0.9987012987012988,
    "set_win": 0.9987012987012988,
    "set_win:_time": 0.9987012987012988,
    "punto_p1": 0.0,
    "punto_p1:_time": 0.9162337662337663,
    "punto_p2": 0.0,
    "punto_p2:_time": 0.9162337662337663,
    "match_point": 0.9980519480519481,
    "match_point:_time": 0.9980519480519481,
    "inicio_gople": 0.9194805194805195,
    "inicio_gople:_time": 0.9194805194805195,
    "inicio_gople:_x": 0.9194805194805195,
    "inicio_gople:_y": 0.9194805194805195,
    "juego_p1": 0.0,
    "juego_p1:_time": 0.9857142857142858,
    "juego_p2": 0.0,
    "juego_p2:_time": 0.9857142857142858,
    "break_con": 0.9974025974025974,
    "break_con:_time": 0.9974025974025974,
    "golpe_q": 0.18961038961038962,
    "golpe_q:_time": 0.18961038961038962,
    "zona_saque": 0.9038961038961039,
    "zona_saque:_time": 0.9038961038961039,
    "zona_resto": 0.9038961038961039,
    "zona_resto:_time": 0.9038961038961039,
    "fin_golpe": 0.9201298701298701,
    "fin_golpe:_time": 0.9201298701298701,
    "fin_golpe:_x": 0.9201298701298701,
    "fin_golpe:_y": 0.9201298701298701,
    "asistencia": 0.9993506493506493,
    "asistencia:_time": 0.9993506493506493,
    "__source_file": 0.0,
    "inicio_x": 1.0,
    "inicio_y": 1.0,
    "fin_x": 1.0,
    "fin_y": 1.0,
    "marcador_sets": 0.0,
    "marcador_juegos": 0.0,
    "marcador_puntos": 0.0,
    "marcador": 0.0,
    "pareja_jugador": 1.0,
    "sacador": 0.7227272727272728,
    "pareja_sacador": 1.0,
    "punto_p1_prev": 0.0006493506493506494,
    "punto_p2_prev": 0.0006493506493506494,
    "pareja_ganadora_punto": 0.9246753246753247,
    "gana_punto_sacador": 1.0
  },
  "type_warnings": [
    "Esperado numérico en 'punto_p1', pero dtype=object",
    "Esperado numérico en 'punto_p2', pero dtype=object"
  ],
  "high_nulls": [
    "set_num",
    "set_num:_time",
    "set_p1:_time",
    "set_p2:_time",
    "servicio",
    "servicio:_time",
    "pared",
    "pared:_time",
    "punto_lost",
    "punto_lost:_time",
    "winner",
    "winner:_time",
    "punto_win",
    "punto_win:_time",
    "break_point",
    "break_point:_time",
    "error",
    "error:_time",
    "juego_win",
    "juego_win:_time",
    "juego_lost",
    "juego_lost:_time",
    "break_fav",
    "break_fav:_time",
    "fuerza_error",
    "fuerza_error:_time",
    "set_point",
    "set_point:_time",
    "set_lost",
    "set_lost:_time",
    "set_win",
    "set_win:_time",
    "punto_p1:_time",
    "punto_p2:_time",
    "match_point",
    "match_point:_time",
    "inicio_gople",
    "inicio_gople:_time",
    "inicio_gople:_x",
    "inicio_gople:_y",
    "juego_p1:_time",
    "juego_p2:_time",
    "break_con",
    "break_con:_time",
    "zona_saque",
    "zona_saque:_time",
    "zona_resto",
    "zona_resto:_time",
    "fin_golpe",
    "fin_golpe:_time",
    "fin_golpe:_x",
    "fin_golpe:_y",
    "asistencia",
    "asistencia:_time",
    "inicio_x",
    "inicio_y",
    "fin_x",
    "fin_y",
    "pareja_jugador",
    "sacador",
    "pareja_sacador",
    "pareja_ganadora_punto",
    "gana_punto_sacador"
  ]
}